"Id ","x0 (LU) ","y0 (LU) ","z0 (LU) ","vx0 (LU/TU) ","vy0 (LU/TU) ","vz0 (LU/TU) ","Jacobi constant (LU2/TU2) ","Period (TU) ","Period (days) ","Stability index  ","Mass ratio"
"1147","8.2339081983651485E-1","-1.9017764504099543E-28","9.8941366235910004E-4","-2.3545391932685812E-15","1.2634272983881797E-1","2.2367029429442455E-16","3.1743435193301202E+0","2.7430007981241529E+0","1.2158772936893689E+1","1.1804065333857600E+3","1.215058560962404E-2"
"1146","8.2339046219237078E-1","8.1862579238471623E-27","2.3386506364385861E-3","-1.6087112757165459E-15","1.2641757484149027E-1","6.2156848285716253E-16","3.1743048350860001E+0","2.7430316552716643E+0","1.2158909715946152E+1","1.1796246135216199E+3","1.215058560962404E-2"
"1145","8.2338983102485563E-1","8.2680125862110327E-27","3.6867260822713629E-3","-1.8663094559298700E-15","1.2655277462611700E-1","9.0845361544864190E-16","3.1742348815922701E+0","2.7430874445074775E+0","1.2159157010314800E+1","1.1782117130874999E+3","1.215058560962404E-2"